{
    "Average Accuracy": 0.5032984754502379,
    "Average Precision": 0.4897865653038025,
    "Average Recall": 0.49979302287101746,
    "Average F1 Score": 0.49025267362594604,
    "Average Loss": 1.40456822297431,
    "Average Latency": 64.34408026183678,
    "Average GPU Power Usage": 14.008443165855283,
    "Inference Energy Consumption": 0.250377886501992
}