{
    "Average Accuracy": 0.6814574599266052,
    "Average Precision": 0.7398995757102966,
    "Average Recall": 0.703125,
    "Average F1 Score": 0.7098382115364075,
    "Average Loss": 0.8920878767967224,
    "Average Latency": 45.84953689575195,
    "Average GPU Power Usage": 11.73923529411765,
    "Inference Energy Consumption": 0.14951069492932242
}