{
    "Average Accuracy": 0.109039204138698,
    "Average Precision": 0.04518677294254303,
    "Average Recall": 0.11010101437568665,
    "Average F1 Score": 0.03642616420984268,
    "Average Loss": 9.593973711524347,
    "Average Latency": 2.2182448501538747,
    "Average GPU Power Usage": 10.979213934374803,
    "Inference Energy Consumption": 0.006765162435740157
}