{
    "Average Accuracy": 0.44607346938415005,
    "Average Precision": 0.5072227716445923,
    "Average Recall": 0.49772727489471436,
    "Average F1 Score": 0.4844271242618561,
    "Average Loss": 7.037340329873442,
    "Average Latency": 9.376140158104175,
    "Average GPU Power Usage": 13.766223618705615,
    "Inference Energy Consumption": 0.03585390058244108
}