{
    "Average Accuracy": 0.7326444091386353,
    "Average Precision": 0.7357734441757202,
    "Average Recall": 0.736030638217926,
    "Average F1 Score": 0.7349110245704651,
    "Average Loss": 0.7795535941787114,
    "Average Latency": 2.7887154383375155,
    "Average GPU Power Usage": 11.984687086092732,
    "Inference Energy Consumption": 0.009283856083508625
}