{
    "Average Accuracy": 0.708087347102481,
    "Average Precision": 0.708736777305603,
    "Average Recall": 0.7119205594062805,
    "Average F1 Score": 0.7096769213676453,
    "Average Loss": 0.8365026677878488,
    "Average Latency": 14.729570322478844,
    "Average GPU Power Usage": 13.022207777404386,
    "Inference Energy Consumption": 0.053280979225335784
}