{
    "Average Accuracy": 0.7328493922751471,
    "Average Precision": 0.7359696626663208,
    "Average Recall": 0.7362375855445862,
    "Average F1 Score": 0.735135555267334,
    "Average Loss": 0.7795753814526741,
    "Average Latency": 1.716235442666818,
    "Average GPU Power Usage": 9.917915075964167,
    "Inference Energy Consumption": 0.004728188158535909
}