{
    "Average Accuracy": 0.5332726651445182,
    "Average Precision": 0.6465357542037964,
    "Average Recall": 0.6491161584854126,
    "Average F1 Score": 0.6465101838111877,
    "Average Loss": 1.0259561905806716,
    "Average Latency": 5.91146763382536,
    "Average GPU Power Usage": 11.894392015392008,
    "Inference Energy Consumption": 0.01953147595083907
}