{
    "Average Accuracy": 0.5137782386991362,
    "Average Precision": 0.5104315876960754,
    "Average Recall": 0.5168666839599609,
    "Average F1 Score": 0.5100416541099548,
    "Average Loss": 1.3992067867556945,
    "Average Latency": 14.427228194988327,
    "Average GPU Power Usage": 12.718214745777257,
    "Inference Energy Consumption": 0.05096905176949832
}