{
    "Average Accuracy": 0.5043986427457365,
    "Average Precision": 0.49100884795188904,
    "Average Recall": 0.5004280805587769,
    "Average F1 Score": 0.4917677342891693,
    "Average Loss": 1.4050484013884035,
    "Average Latency": 44.12998890550169,
    "Average GPU Power Usage": 14.94012079011262,
    "Inference Energy Consumption": 0.18314093464292364
}