{
    "Average Accuracy": 0.7401963843415115,
    "Average Precision": 0.7416518330574036,
    "Average Recall": 0.7434809803962708,
    "Average F1 Score": 0.7418192028999329,
    "Average Loss": 0.7358287969567129,
    "Average Latency": 26.486983722408876,
    "Average GPU Power Usage": 11.386200724665162,
    "Inference Energy Consumption": 0.08377392034841287
}