{
    "Average Accuracy": 0.6700271793688186,
    "Average Precision": 0.7279233932495117,
    "Average Recall": 0.7262626886367798,
    "Average F1 Score": 0.7247892022132874,
    "Average Loss": 0.7941826477195277,
    "Average Latency": 7.547558335101965,
    "Average GPU Power Usage": 12.075565312469022,
    "Inference Energy Consumption": 0.025316953784776036
}