{
    "Average Accuracy": 0.7292105377904626,
    "Average Precision": 0.7196138501167297,
    "Average Recall": 0.7227855920791626,
    "Average F1 Score": 0.7202861309051514,
    "Average Loss": 0.8096410912393734,
    "Average Latency": 28.568808018766493,
    "Average GPU Power Usage": 9.71893840437262,
    "Inference Energy Consumption": 0.07712735706131615
}