{
    "Average Accuracy": 0.6814574599266052,
    "Average Precision": 0.7398995757102966,
    "Average Recall": 0.703125,
    "Average F1 Score": 0.7098382115364075,
    "Average Loss": 0.8953759074211121,
    "Average Latency": 62.1550407409668,
    "Average GPU Power Usage": 13.255315789473674,
    "Inference Energy Consumption": 0.22885685914697687
}