{
    "Average Accuracy": 0.10947931962031307,
    "Average Precision": 0.04427388682961464,
    "Average Recall": 0.10833333432674408,
    "Average F1 Score": 0.035416875034570694,
    "Average Loss": 9.416488676841812,
    "Average Latency": 2.3391856521066994,
    "Average GPU Power Usage": 10.774712618083672,
    "Inference Energy Consumption": 0.007001125878276205
}