{
    "Average Accuracy": 0.7270634099347701,
    "Average Precision": 0.7175726294517517,
    "Average Recall": 0.7209230065345764,
    "Average F1 Score": 0.7184779644012451,
    "Average Loss": 0.8118726824293073,
    "Average Latency": 34.54569163543499,
    "Average GPU Power Usage": 8.913872579098317,
    "Inference Energy Consumption": 0.0855377481653028
}