{
    "Average Accuracy": 0.4548881500282071,
    "Average Precision": 0.6722345948219299,
    "Average Recall": 0.49166664481163025,
    "Average F1 Score": 0.473396897315979,
    "Average Loss": 1.4754981499729733,
    "Average Latency": 0.5759092359229772,
    "Average GPU Power Usage": 9.797443434343474,
    "Inference Energy Consumption": 0.001567343933964261
}