{
    "Average Accuracy": 0.5138518224094087,
    "Average Precision": 0.510532796382904,
    "Average Recall": 0.516970157623291,
    "Average F1 Score": 0.5101442337036133,
    "Average Loss": 1.399205073615573,
    "Average Latency": 13.63229502115818,
    "Average GPU Power Usage": 14.539934194851638,
    "Inference Energy Consumption": 0.05505907570345654
}