{
    "Average Accuracy": 0.7284669702416224,
    "Average Precision": 0.7171286344528198,
    "Average Recall": 0.721026599407196,
    "Average F1 Score": 0.7180765271186829,
    "Average Loss": 0.8165265355283851,
    "Average Latency": 26.317732526766545,
    "Average GPU Power Usage": 13.088209506312603,
    "Inference Energy Consumption": 0.09568111028928286
}