{
    "Average Accuracy": 0.5118312072264005,
    "Average Precision": 0.5062578916549683,
    "Average Recall": 0.5136986374855042,
    "Average F1 Score": 0.5051624774932861,
    "Average Loss": 1.3877208918741304,
    "Average Latency": 6.098542497582631,
    "Average GPU Power Usage": 11.636952968036509,
    "Inference Energy Consumption": 0.01971345894942805
}