{
    "Average Accuracy": 0.7417059157857832,
    "Average Precision": 0.7423471212387085,
    "Average Recall": 0.7451366186141968,
    "Average F1 Score": 0.7426986694335938,
    "Average Loss": 0.734139136131236,
    "Average Latency": 0.9056447160165042,
    "Average GPU Power Usage": 9.62967218543048,
    "Inference Energy Consumption": 0.002422517147696171
}