{
    "Average Accuracy": 0.7144388112843231,
    "Average Precision": 0.7361623048782349,
    "Average Recall": 0.7342222929000854,
    "Average F1 Score": 0.7338815927505493,
    "Average Loss": 0.7869864536224825,
    "Average Latency": 0.4633590612038727,
    "Average GPU Power Usage": 8.70175895765471,
    "Inference Energy Consumption": 0.001120010794844799
}