{
    "Average Accuracy": 0.7331460077468663,
    "Average Precision": 0.7344825267791748,
    "Average Recall": 0.7358733415603638,
    "Average F1 Score": 0.734441876411438,
    "Average Loss": 0.785750832459698,
    "Average Latency": 0.6870509590188117,
    "Average GPU Power Usage": 8.046958904109589,
    "Inference Energy Consumption": 0.0015357418978481831
}