{
    "Average Accuracy": 0.7276015917196968,
    "Average Precision": 0.7160184383392334,
    "Average Recall": 0.7199917435646057,
    "Average F1 Score": 0.71692955493927,
    "Average Loss": 0.8159096363364466,
    "Average Latency": 39.782564883200536,
    "Average GPU Power Usage": 13.9352092243137,
    "Inference Energy Consumption": 0.15399399031312067
}