{
    "Average Accuracy": 0.4968292472902261,
    "Average Precision": 0.5144341588020325,
    "Average Recall": 0.517813503742218,
    "Average F1 Score": 0.5121053457260132,
    "Average Loss": 1.6036094023272736,
    "Average Latency": 9.476437351214381,
    "Average GPU Power Usage": 15.759264697782694,
    "Inference Energy Consumption": 0.04148380128048393
}