{
    "Average Accuracy": 0.519009118571001,
    "Average Precision": 0.5139634609222412,
    "Average Recall": 0.5202205777168274,
    "Average F1 Score": 0.5118932723999023,
    "Average Loss": 1.3440463411457397,
    "Average Latency": 24.97000827508814,
    "Average GPU Power Usage": 20.917651622622746,
    "Inference Energy Consumption": 0.14508720392008356
}