{
    "Average Accuracy": 0.2604866466588444,
    "Average Precision": 0.5009892582893372,
    "Average Recall": 0.2982323169708252,
    "Average F1 Score": 0.25148168206214905,
    "Average Loss": NaN,
    "Average Latency": 2.6935470487132216,
    "Average GPU Power Usage": 13.027800228468315,
    "Inference Energy Consumption": 0.00974749801572674
}