{
    "Average Accuracy": 0.6696915477213233,
    "Average Precision": 0.7275739312171936,
    "Average Recall": 0.7258838415145874,
    "Average F1 Score": 0.7244016528129578,
    "Average Loss": 0.7941915991330387,
    "Average Latency": 1.3240089250333382,
    "Average GPU Power Usage": 11.84205589225587,
    "Inference Energy Consumption": 0.004355274358914001
}