{
    "Average Accuracy": 0.7286791177774896,
    "Average Precision": 0.7195242047309875,
    "Average Recall": 0.7226821184158325,
    "Average F1 Score": 0.7203020453453064,
    "Average Loss": 0.8070503763410429,
    "Average Latency": 28.964084966293235,
    "Average GPU Power Usage": 10.529840754234694,
    "Inference Energy Consumption": 0.08471866730199748
}