{
    "Average Accuracy": 0.6383914785898798,
    "Average Precision": 0.6964495182037354,
    "Average Recall": 0.6986788511276245,
    "Average F1 Score": 0.6967625617980957,
    "Average Loss": 0.8877571657421143,
    "Average Latency": 6.477886745018687,
    "Average GPU Power Usage": 13.258873154600591,
    "Inference Energy Consumption": 0.023858188517242022
}