{
    "Average Accuracy": 0.7322708988842899,
    "Average Precision": 0.7330019474029541,
    "Average Recall": 0.7349101305007935,
    "Average F1 Score": 0.7330830693244934,
    "Average Loss": 0.7834766474488664,
    "Average Latency": 3.7375671602275276,
    "Average GPU Power Usage": 12.296689823874743,
    "Inference Energy Consumption": 0.01276658446256063
}