{
    "Average Accuracy": 0.7295107892806957,
    "Average Precision": 0.7196835875511169,
    "Average Recall": 0.7227855920791626,
    "Average F1 Score": 0.7203497290611267,
    "Average Loss": 0.8097471154683473,
    "Average Latency": 33.63915846363598,
    "Average GPU Power Usage": 8.82921443558048,
    "Inference Energy Consumption": 0.08250203986330948
}