{
    "Average Accuracy": 0.7273274872400989,
    "Average Precision": 0.7177377939224243,
    "Average Recall": 0.7211044430732727,
    "Average F1 Score": 0.7184407711029053,
    "Average Loss": 0.8124119725129376,
    "Average Latency": 8.16034103093082,
    "Average GPU Power Usage": 11.239055743837605,
    "Inference Energy Consumption": 0.025476257704265752
}