{
    "Average Accuracy": 0.7416786089638211,
    "Average Precision": 0.742480456829071,
    "Average Recall": 0.7452400922775269,
    "Average F1 Score": 0.7428180575370789,
    "Average Loss": 0.7341409317705015,
    "Average Latency": 9.434894839659432,
    "Average GPU Power Usage": 11.873935843431136,
    "Inference Energy Consumption": 0.031119260004343216
}