{
    "Average Accuracy": 0.11197357328627447,
    "Average Precision": 0.02561674267053604,
    "Average Recall": 0.11717171967029572,
    "Average F1 Score": 0.03733087331056595,
    "Average Loss": 2.299088037134421,
    "Average Latency": 0.8673524368290949,
    "Average GPU Power Usage": 8.130768350168335,
    "Inference Energy Consumption": 0.0019589560393920512
}