{
    "Average Accuracy": 0.6383914785898798,
    "Average Precision": 0.6964495182037354,
    "Average Recall": 0.6986788511276245,
    "Average F1 Score": 0.6967625617980957,
    "Average Loss": 0.8877571657421143,
    "Average Latency": 12.474462868139996,
    "Average GPU Power Usage": 13.40889283281959,
    "Inference Energy Consumption": 0.04646353770718792
}