{
    "Average Accuracy": 0.7169871978728701,
    "Average Precision": 0.7368188500404358,
    "Average Recall": 0.7347313165664673,
    "Average F1 Score": 0.7342638373374939,
    "Average Loss": 0.7797438726557194,
    "Average Latency": 0.5448249136780294,
    "Average GPU Power Usage": 9.944726384364818,
    "Inference Energy Consumption": 0.0015050374149758843
}