{
    "Average Accuracy": 0.7167836148109809,
    "Average Precision": 0.7365963459014893,
    "Average Recall": 0.7345277070999146,
    "Average F1 Score": 0.7340706586837769,
    "Average Loss": 0.779772559283999,
    "Average Latency": 2.1825607300581296,
    "Average GPU Power Usage": 10.833961878722961,
    "Inference Energy Consumption": 0.006568272152068759
}