{
    "Average Accuracy": 0.72878453865746,
    "Average Precision": 0.7191835641860962,
    "Average Recall": 0.7223716974258423,
    "Average F1 Score": 0.719948410987854,
    "Average Loss": 0.8070420275460806,
    "Average Latency": 35.1149384959644,
    "Average GPU Power Usage": 14.141355407429733,
    "Inference Energy Consumption": 0.13793689593929687
}