{
    "Average Accuracy": 0.7270746412656165,
    "Average Precision": 0.7155820727348328,
    "Average Recall": 0.7195778489112854,
    "Average F1 Score": 0.7165079712867737,
    "Average Loss": 0.8162909833011248,
    "Average Latency": 23.748400328175123,
    "Average GPU Power Usage": 12.903353215636843,
    "Inference Energy Consumption": 0.08512055492799708
}