{
    "Average Accuracy": 0.7324555312117486,
    "Average Precision": 0.7332033514976501,
    "Average Recall": 0.7351242303848267,
    "Average F1 Score": 0.7332682609558105,
    "Average Loss": 0.7835131393720026,
    "Average Latency": 3.6837795139992076,
    "Average GPU Power Usage": 11.890018569254176,
    "Inference Energy Consumption": 0.012166724118469084
}