{
    "Average Accuracy": 0.7416184043252705,
    "Average Precision": 0.742347240447998,
    "Average Recall": 0.7451366186141968,
    "Average F1 Score": 0.742697536945343,
    "Average Loss": 0.7341357045221013,
    "Average Latency": 10.77444936739688,
    "Average GPU Power Usage": 12.046773171137337,
    "Inference Energy Consumption": 0.036054818770259546
}