{
    "Average Accuracy": 0.7285702650910182,
    "Average Precision": 0.719163179397583,
    "Average Recall": 0.7225786447525024,
    "Average F1 Score": 0.7200440168380737,
    "Average Loss": 0.8116004512404764,
    "Average Latency": 39.44640491814013,
    "Average GPU Power Usage": 12.496179848472577,
    "Inference Energy Consumption": 0.1369248250646534
}