{
    "Average Accuracy": 0.4964980859224493,
    "Average Precision": 0.5141652226448059,
    "Average Recall": 0.5176098942756653,
    "Average F1 Score": 0.5118670463562012,
    "Average Loss": 1.604216217800538,
    "Average Latency": 1.129915308098063,
    "Average GPU Power Usage": 12.485991856677499,
    "Inference Energy Consumption": 0.00391892037101324
}