{
    "Average Accuracy": 0.5179061538552585,
    "Average Precision": 0.5113970637321472,
    "Average Recall": 0.5192636847496033,
    "Average F1 Score": 0.5109209418296814,
    "Average Loss": 1.3853405632384836,
    "Average Latency": 19.938317612425923,
    "Average GPU Power Usage": 15.005434065384463,
    "Inference Energy Consumption": 0.08310641952998638
}