{
    "Average Accuracy": 0.7286087211394152,
    "Average Precision": 0.7195786833763123,
    "Average Recall": 0.7228890657424927,
    "Average F1 Score": 0.720359206199646,
    "Average Loss": 0.8117342575496396,
    "Average Latency": 32.91381422889154,
    "Average GPU Power Usage": 9.110582950672653,
    "Inference Energy Consumption": 0.0832955652098184
}