{
    "Average Accuracy": 0.6749885115358565,
    "Average Precision": 0.732206404209137,
    "Average Recall": 0.7294191718101501,
    "Average F1 Score": 0.7283245325088501,
    "Average Loss": 0.7864529084677648,
    "Average Latency": 2.049847209814823,
    "Average GPU Power Usage": 10.720760386806637,
    "Inference Energy Consumption": 0.006104422434996907
}