{
    "Average Accuracy": 0.7416184043252705,
    "Average Precision": 0.742347240447998,
    "Average Recall": 0.7451366186141968,
    "Average F1 Score": 0.742697536945343,
    "Average Loss": 0.7341454856048356,
    "Average Latency": 9.413882921863076,
    "Average GPU Power Usage": 12.40049204125528,
    "Inference Energy Consumption": 0.032426883402742246
}