{
    "Average Accuracy": 0.5148629546165466,
    "Average Precision": 0.5586309432983398,
    "Average Recall": 0.515625,
    "Average F1 Score": 0.5250629782676697,
    "Average Loss": 1.3420183658599854,
    "Average Latency": 21.479679107666016,
    "Average GPU Power Usage": 12.990999999999994,
    "Inference Energy Consumption": 0.07751180869102474
}