{
    "Average Accuracy": 0.7280242083877917,
    "Average Precision": 0.7189082503318787,
    "Average Recall": 0.722061276435852,
    "Average F1 Score": 0.7195899486541748,
    "Average Loss": 0.8089398070676437,
    "Average Latency": 30.814409811765152,
    "Average GPU Power Usage": 9.404708154968143,
    "Inference Energy Consumption": 0.08050014756867725
}