{
    "Average Accuracy": 0.7286791177774896,
    "Average Precision": 0.7195242047309875,
    "Average Recall": 0.7226821184158325,
    "Average F1 Score": 0.7203020453453064,
    "Average Loss": 0.8070503763410429,
    "Average Latency": 29.54525759362227,
    "Average GPU Power Usage": 10.296061333305728,
    "Inference Energy Consumption": 0.08449994008118103
}