{
    "Average Accuracy": 0.7273274872400989,
    "Average Precision": 0.7177377939224243,
    "Average Recall": 0.7211044430732727,
    "Average F1 Score": 0.7184407711029053,
    "Average Loss": 0.8124119725129376,
    "Average Latency": 6.472280766865978,
    "Average GPU Power Usage": 14.481865378343123,
    "Inference Energy Consumption": 0.026036305210164583
}