{
    "Average Accuracy": 0.5211749556748306,
    "Average Precision": 0.5154542326927185,
    "Average Recall": 0.5229779481887817,
    "Average F1 Score": 0.5142652988433838,
    "Average Loss": 1.5777750725255293,
    "Average Latency": 1.549763295580359,
    "Average GPU Power Usage": 11.435066176470613,
    "Inference Energy Consumption": 0.004922679400785165
}