{
    "Average Accuracy": 0.5148629546165466,
    "Average Precision": 0.5586309432983398,
    "Average Recall": 0.515625,
    "Average F1 Score": 0.5250629782676697,
    "Average Loss": 1.3420183658599854,
    "Average Latency": 30.144224166870117,
    "Average GPU Power Usage": 18.065000000000012,
    "Inference Energy Consumption": 0.15126539154847474
}