{
    "Average Accuracy": 0.7401573789470336,
    "Average Precision": 0.7399249076843262,
    "Average Recall": 0.7427619099617004,
    "Average F1 Score": 0.7402445673942566,
    "Average Loss": 0.7378160085748223,
    "Average Latency": 2.620864701621673,
    "Average GPU Power Usage": 7.971946078431358,
    "Inference Energy Consumption": 0.005803720022275574
}