{
    "Average Accuracy": 0.6698881440090411,
    "Average Precision": 0.7284242510795593,
    "Average Recall": 0.7265151739120483,
    "Average F1 Score": 0.7253247499465942,
    "Average Loss": 0.8295801719029744,
    "Average Latency": 0.5027620208383811,
    "Average GPU Power Usage": 8.109854545454567,
    "Inference Energy Consumption": 0.0011325907944383525
}