{
    "Average Accuracy": 0.49245678262135884,
    "Average Precision": 0.6723212003707886,
    "Average Recall": 0.5020358562469482,
    "Average F1 Score": 0.49103328585624695,
    "Average Loss": 1.4517344873192255,
    "Average Latency": 0.5957797525954169,
    "Average GPU Power Usage": 9.481063517915297,
    "Inference Energy Consumption": 0.0015690626880680582
}