{
    "Average Accuracy": 0.7266726391204935,
    "Average Precision": 0.715355396270752,
    "Average Recall": 0.7193708419799805,
    "Average F1 Score": 0.7163097858428955,
    "Average Loss": 0.8159675797484568,
    "Average Latency": 27.248090516652493,
    "Average GPU Power Usage": 10.063067312681675,
    "Inference Energy Consumption": 0.07616649139197701
}