{
    "Average Accuracy": 0.7263390682390983,
    "Average Precision": 0.7152514457702637,
    "Average Recall": 0.7192674279212952,
    "Average F1 Score": 0.7162003517150879,
    "Average Loss": 0.8162372043195939,
    "Average Latency": 26.90497126800335,
    "Average GPU Power Usage": 10.314399936468329,
    "Inference Energy Consumption": 0.0770857316492711
}