{
    "Average Accuracy": 0.7168297604551532,
    "Average Precision": 0.7365407943725586,
    "Average Recall": 0.7345277070999146,
    "Average F1 Score": 0.7340540885925293,
    "Average Loss": 0.7797753302204492,
    "Average Latency": 1.5245481702326176,
    "Average GPU Power Usage": 16.04100814332251,
    "Inference Energy Consumption": 0.006793136003774681
}