{
    "Average Accuracy": 0.631095653260597,
    "Average Precision": 0.7308498024940491,
    "Average Recall": 0.7204545140266418,
    "Average F1 Score": 0.7223175764083862,
    "Average Loss": 0.8024366682226007,
    "Average Latency": 0.5746191518475311,
    "Average GPU Power Usage": 8.69976161616162,
    "Inference Energy Consumption": 0.0013886249003206936
}