{
    "Average Accuracy": 0.4784449064573705,
    "Average Precision": 0.4776848256587982,
    "Average Recall": 0.48499584197998047,
    "Average F1 Score": 0.47722744941711426,
    "Average Loss": 1.4295964552866702,
    "Average Latency": 15.075643359430579,
    "Average GPU Power Usage": 14.801997065574522,
    "Inference Energy Consumption": 0.0619860079910943
}