{
    "Average Accuracy": 0.4559080200664925,
    "Average Precision": 0.6828990578651428,
    "Average Recall": 0.5383838415145874,
    "Average F1 Score": 0.5248075723648071,
    "Average Loss": 1.392271991089137,
    "Average Latency": 0.5543689689852974,
    "Average GPU Power Usage": 9.33508484848488,
    "Inference Energy Consumption": 0.001437522600790232
}