{
    "Average Accuracy": 0.7313738677599658,
    "Average Precision": 0.7252320051193237,
    "Average Recall": 0.7284889221191406,
    "Average F1 Score": 0.7258291840553284,
    "Average Loss": 0.7998679713027118,
    "Average Latency": 8.576654453800149,
    "Average GPU Power Usage": 17.675020485678726,
    "Inference Energy Consumption": 0.04210903976930703
}