{
    "Average Accuracy": 0.7170876320876205,
    "Average Precision": 0.7366241812705994,
    "Average Recall": 0.7345277070999146,
    "Average F1 Score": 0.7340847253799438,
    "Average Loss": 0.7797525277549359,
    "Average Latency": 1.7785217515420448,
    "Average GPU Power Usage": 10.891702288482398,
    "Inference Energy Consumption": 0.00538086928649617
}