{
    "Average Accuracy": 0.7272155553299859,
    "Average Precision": 0.7181532382965088,
    "Average Recall": 0.7213369607925415,
    "Average F1 Score": 0.718848466873169,
    "Average Loss": 0.8091060941582484,
    "Average Latency": 30.51567646051874,
    "Average GPU Power Usage": 9.660917540047139,
    "Inference Energy Consumption": 0.08189150943439696
}