{
    "Average Accuracy": 0.7286791177774896,
    "Average Precision": 0.7195242047309875,
    "Average Recall": 0.7226821184158325,
    "Average F1 Score": 0.7203020453453064,
    "Average Loss": 0.8070503763410429,
    "Average Latency": 24.95859393694543,
    "Average GPU Power Usage": 11.033241387114481,
    "Inference Energy Consumption": 0.07649283099702525
}