{
    "Average Accuracy": 0.7295549618487327,
    "Average Precision": 0.7196085453033447,
    "Average Recall": 0.7228890657424927,
    "Average F1 Score": 0.7203344106674194,
    "Average Loss": 0.8102173453924671,
    "Average Latency": 33.919305902443185,
    "Average GPU Power Usage": 13.665857639350179,
    "Inference Energy Consumption": 0.12876011269121077
}