{
    "Average Accuracy": 0.7281836626545483,
    "Average Precision": 0.718894362449646,
    "Average Recall": 0.7222682237625122,
    "Average F1 Score": 0.719741702079773,
    "Average Loss": 0.811314409931764,
    "Average Latency": 28.17535368812005,
    "Average GPU Power Usage": 10.146086831249406,
    "Inference Energy Consumption": 0.07940821806134146
}