{
    "Average Accuracy": 0.7282675512579103,
    "Average Precision": 0.7188706398010254,
    "Average Recall": 0.722061276435852,
    "Average F1 Score": 0.7196775674819946,
    "Average Loss": 0.8068504623624663,
    "Average Latency": 27.85745909987696,
    "Average GPU Power Usage": 10.41811061445542,
    "Inference Energy Consumption": 0.0806172473167183
}