{
    "Average Accuracy": 0.7292979446467974,
    "Average Precision": 0.7195922136306763,
    "Average Recall": 0.7227855920791626,
    "Average F1 Score": 0.7202273607254028,
    "Average Loss": 0.8089006849077364,
    "Average Latency": 26.622012182576768,
    "Average GPU Power Usage": 10.641695123071589,
    "Inference Energy Consumption": 0.07869537144713323
}