{
    "Average Accuracy": 0.7167320404844875,
    "Average Precision": 0.7365002632141113,
    "Average Recall": 0.734425961971283,
    "Average F1 Score": 0.7339690327644348,
    "Average Loss": 0.779778226967355,
    "Average Latency": 0.6756589447636557,
    "Average GPU Power Usage": 9.088869706840386,
    "Inference Energy Consumption": 0.0017058266986717033
}