{
    "Average Accuracy": 0.7264659763961439,
    "Average Precision": 0.7154386639595032,
    "Average Recall": 0.7192674279212952,
    "Average F1 Score": 0.7162723541259766,
    "Average Loss": 0.8165303492388188,
    "Average Latency": 30.005547984546382,
    "Average GPU Power Usage": 10.142006316575468,
    "Inference Energy Consumption": 0.08453234921988272
}