{
    "Average Accuracy": 0.7325533791764142,
    "Average Precision": 0.7332953214645386,
    "Average Recall": 0.7352311611175537,
    "Average F1 Score": 0.733371913433075,
    "Average Loss": 0.783515749728843,
    "Average Latency": 11.994328185303571,
    "Average GPU Power Usage": 11.821648169597603,
    "Inference Energy Consumption": 0.03938686884370747
}