{
    "Average Accuracy": 0.6309609731339445,
    "Average Precision": 0.7306344509124756,
    "Average Recall": 0.7202020287513733,
    "Average F1 Score": 0.7220728397369385,
    "Average Loss": 0.8023729201820161,
    "Average Latency": 1.501821997310176,
    "Average GPU Power Usage": 11.428100344716968,
    "Inference Energy Consumption": 0.004767492356989985
}