{
    "Average Accuracy": 0.728482967970387,
    "Average Precision": 0.7189775705337524,
    "Average Recall": 0.7222682237625122,
    "Average F1 Score": 0.7196996808052063,
    "Average Loss": 0.8097761713511107,
    "Average Latency": 41.267620983502724,
    "Average GPU Power Usage": 10.131687776407071,
    "Inference Energy Consumption": 0.11614184752220959
}