{
    "Average Accuracy": 0.5140481087940418,
    "Average Precision": 0.5108182430267334,
    "Average Recall": 0.517177164554596,
    "Average F1 Score": 0.5104096531867981,
    "Average Loss": 1.3991886551017003,
    "Average Latency": 4.172994972064795,
    "Average GPU Power Usage": 11.483838127582496,
    "Inference Energy Consumption": 0.013311666324002151
}