{
    "Average Accuracy": 0.517598128073836,
    "Average Precision": 0.5109831690788269,
    "Average Recall": 0.518942654132843,
    "Average F1 Score": 0.5105676054954529,
    "Average Loss": 1.3852989983885255,
    "Average Latency": 1.9313871762523913,
    "Average GPU Power Usage": 13.849885844748874,
    "Inference Energy Consumption": 0.007430414420307637
}