{
    "Average Accuracy": 0.6383914785898798,
    "Average Precision": 0.6964495182037354,
    "Average Recall": 0.6986788511276245,
    "Average F1 Score": 0.6967625617980957,
    "Average Loss": 0.8877571657421143,
    "Average Latency": 6.185593092538477,
    "Average GPU Power Usage": 13.663387030584591,
    "Inference Energy Consumption": 0.023476709010295516
}