{
    "Average Accuracy": 0.7276196357430211,
    "Average Precision": 0.7182953357696533,
    "Average Recall": 0.7216473817825317,
    "Average F1 Score": 0.7191271781921387,
    "Average Loss": 0.811111719995145,
    "Average Latency": 28.999895045299404,
    "Average GPU Power Usage": 9.993259725354509,
    "Inference Energy Consumption": 0.08050096755436063
}