{
    "Average Accuracy": 0.44637402785245817,
    "Average Precision": 0.5070688724517822,
    "Average Recall": 0.49772727489471436,
    "Average F1 Score": 0.4844498336315155,
    "Average Loss": 7.036155178691402,
    "Average Latency": 2.5438357964910643,
    "Average GPU Power Usage": 13.552999711399767,
    "Inference Energy Consumption": 0.009576834948803275
}