{
    "Average Accuracy": 0.6814574599266052,
    "Average Precision": 0.7230468392372131,
    "Average Recall": 0.703125,
    "Average F1 Score": 0.7063000798225403,
    "Average Loss": 0.8866117000579834,
    "Average Latency": 9.93337631225586,
    "Average GPU Power Usage": 12.331,
    "Inference Energy Consumption": 0.03402457314067417
}