{
    "Average Accuracy": 0.7283833674247692,
    "Average Precision": 0.7193270325660706,
    "Average Recall": 0.7224751710891724,
    "Average F1 Score": 0.7200015783309937,
    "Average Loss": 0.8085833892522268,
    "Average Latency": 36.404537011456014,
    "Average GPU Power Usage": 14.204826117728048,
    "Inference Energy Consumption": 0.1436444772622577
}