{
    "Average Accuracy": 0.6309329148193803,
    "Average Precision": 0.730455219745636,
    "Average Recall": 0.7199495434761047,
    "Average F1 Score": 0.7217994332313538,
    "Average Loss": 0.8023816824862451,
    "Average Latency": 7.03053403189688,
    "Average GPU Power Usage": 11.768989287709124,
    "Inference Energy Consumption": 0.02298396658563023
}