{
    "Average Accuracy": 0.7287117057288719,
    "Average Precision": 0.7187610864639282,
    "Average Recall": 0.722061276435852,
    "Average F1 Score": 0.7194868326187134,
    "Average Loss": 0.8097641748308346,
    "Average Latency": 35.991530045768286,
    "Average GPU Power Usage": 13.388377711024543,
    "Inference Energy Consumption": 0.13385227740289843
}