{
    "Average Accuracy": 0.7322284492435834,
    "Average Precision": 0.7364193201065063,
    "Average Recall": 0.7366514205932617,
    "Average F1 Score": 0.7356806993484497,
    "Average Loss": 0.7872766325410628,
    "Average Latency": 2.6081670005589923,
    "Average GPU Power Usage": 8.05373123620308,
    "Inference Energy Consumption": 0.005834854456010013
}