{
    "Average Accuracy": 0.5042198158257845,
    "Average Precision": 0.4898522198200226,
    "Average Recall": 0.49989649653434753,
    "Average F1 Score": 0.4901411533355713,
    "Average Loss": 1.4035565995222685,
    "Average Latency": 59.609645565614,
    "Average GPU Power Usage": 16.33782903249892,
    "Inference Energy Consumption": 0.2705256105385719
}