{
    "Average Accuracy": 0.7168297604551532,
    "Average Precision": 0.7365407943725586,
    "Average Recall": 0.7345277070999146,
    "Average F1 Score": 0.7340540885925293,
    "Average Loss": 0.7797712956461146,
    "Average Latency": 7.606360305792346,
    "Average GPU Power Usage": 11.441591597706152,
    "Inference Energy Consumption": 0.02417468560107758
}