{
    "Average Accuracy": 0.7290585530514748,
    "Average Precision": 0.7195199728012085,
    "Average Recall": 0.7226821184158325,
    "Average F1 Score": 0.720180869102478,
    "Average Loss": 0.8088070146295409,
    "Average Latency": 30.406792028060813,
    "Average GPU Power Usage": 10.186577443122847,
    "Inference Energy Consumption": 0.08603920605299219
}