{
    "Average Accuracy": 0.26161739816795093,
    "Average Precision": 0.4973844885826111,
    "Average Recall": 0.30000001192092896,
    "Average F1 Score": 0.2532522678375244,
    "Average Loss": 666.4024419201143,
    "Average Latency": 8.856777565888684,
    "Average GPU Power Usage": 13.502298825618787,
    "Inference Energy Consumption": 0.03321857147962933
}