{
    "Average Accuracy": 0.6748369961675972,
    "Average Precision": 0.7319350242614746,
    "Average Recall": 0.7291666269302368,
    "Average F1 Score": 0.7280828356742859,
    "Average Loss": 0.7864564486224241,
    "Average Latency": 0.5990120089415348,
    "Average GPU Power Usage": 9.02128282828285,
    "Inference Energy Consumption": 0.001501071319499856
}