{
  "GridSampler": [
    0.86756,
    0.85448,
    0.85688,
    0.82832,
    0.81992,
    0.7756,
    0.86764,
    0.63904,
    0.86764,
    0.80888,
    0.8584,
    0.80912,
    0.85836,
    0.82884,
    0.8336,
    0.86164,
    0.86728,
    0.80956,
    0.8118,
    0.86732
  ],
  "TPESampler": [
    0.86728,
    0.86764,
    0.86528,
    0.82832,
    0.81992,
    0.8596,
    0.8412,
    0.84492,
    0.82832,
    0.81872,
    0.86316,
    0.86728,
    0.86876,
    0.86876,
    0.86876,
    0.8642,
    0.85676,
    0.80912,
    0.8582,
    0.8694
  ]
}