{
    "Average Accuracy": 0.6274440586867959,
    "Average Precision": 0.7262790203094482,
    "Average Recall": 0.71919184923172,
    "Average F1 Score": 0.7187615633010864,
    "Average Loss": 0.8070024933778879,
    "Average Latency": 7.784805429824675,
    "Average GPU Power Usage": 11.260035458686854,
    "Inference Energy Consumption": 0.024349218105223277
}