{
    "Average Accuracy": 0.7408953146899447,
    "Average Precision": 0.7420929074287415,
    "Average Recall": 0.7435661554336548,
    "Average F1 Score": 0.7415819764137268,
    "Average Loss": 0.7411651889629224,
    "Average Latency": 4.489178107065313,
    "Average GPU Power Usage": 17.026359068627464,
    "Inference Energy Consumption": 0.021231766214976494
}