{
    "Average Accuracy": 0.7281997653822235,
    "Average Precision": 0.7188560366630554,
    "Average Recall": 0.721957802772522,
    "Average F1 Score": 0.7195858359336853,
    "Average Loss": 0.8070824047587565,
    "Average Latency": 27.39278115026209,
    "Average GPU Power Usage": 10.43809358631651,
    "Inference Energy Consumption": 0.0794245592322007
}