{
    "Average Accuracy": 0.6394785080594246,
    "Average Precision": 0.6963728666305542,
    "Average Recall": 0.6983585953712463,
    "Average F1 Score": 0.6963910460472107,
    "Average Loss": 0.8892805939370936,
    "Average Latency": 14.114540559595282,
    "Average GPU Power Usage": 12.754869522597787,
    "Inference Energy Consumption": 0.05000808978029227
}