{
    "Average Accuracy": 0.4122002057912873,
    "Average Precision": 0.4540540874004364,
    "Average Recall": 0.45701220631599426,
    "Average F1 Score": 0.44372957944869995,
    "Average Loss": 1.5006257817997195,
    "Average Latency": 28.39109961501951,
    "Average GPU Power Usage": 13.761066109387196,
    "Inference Energy Consumption": 0.10852549964457801
}