{
    "Average Accuracy": 0.7321218464472522,
    "Average Precision": 0.7328711748123169,
    "Average Recall": 0.7348030805587769,
    "Average F1 Score": 0.732951819896698,
    "Average Loss": 0.7835228875891803,
    "Average Latency": 0.8104692607709806,
    "Average GPU Power Usage": 11.768315068493143,
    "Inference Energy Consumption": 0.0026494048928004527
}