{
    "Average Accuracy": 0.4895389487281296,
    "Average Precision": 0.5081741213798523,
    "Average Recall": 0.5085505247116089,
    "Average F1 Score": 0.5034477710723877,
    "Average Loss": 1.4094858818023135,
    "Average Latency": 2.9663609316760633,
    "Average GPU Power Usage": 11.385920574346999,
    "Inference Energy Consumption": 0.009381874989697118
}