{
    "Average Accuracy": 0.7282759618285476,
    "Average Precision": 0.7186678051948547,
    "Average Recall": 0.7218543291091919,
    "Average F1 Score": 0.7194269895553589,
    "Average Loss": 0.8071865605202732,
    "Average Latency": 27.50599757567147,
    "Average GPU Power Usage": 10.306240979063073,
    "Inference Energy Consumption": 0.07874539982899857
}