{
    "Average Accuracy": 0.6313201201383514,
    "Average Precision": 0.7309635877609253,
    "Average Recall": 0.7204545140266418,
    "Average F1 Score": 0.7223464250564575,
    "Average Loss": 0.8024026762656491,
    "Average Latency": 1.574824336923734,
    "Average GPU Power Usage": 11.128489663299693,
    "Inference Energy Consumption": 0.0048681712097134915
}