{
    "Average Accuracy": 0.45490217921559256,
    "Average Precision": 0.6721685528755188,
    "Average Recall": 0.49166664481163025,
    "Average F1 Score": 0.47337281703948975,
    "Average Loss": 1.4755409333440992,
    "Average Latency": 0.564755976380724,
    "Average GPU Power Usage": 10.227252525252464,
    "Inference Energy Consumption": 0.001604417218219772
}