{
    "Average Accuracy": 0.7168297604551532,
    "Average Precision": 0.7365407943725586,
    "Average Recall": 0.7345277070999146,
    "Average F1 Score": 0.7340540885925293,
    "Average Loss": 0.7797753315795128,
    "Average Latency": 1.852297380615135,
    "Average GPU Power Usage": 12.200674267100938,
    "Inference Energy Consumption": 0.006277576940747097
}