{
    "Average Accuracy": 0.5315296053886414,
    "Average Precision": 0.5796874761581421,
    "Average Recall": 0.53125,
    "Average F1 Score": 0.541456937789917,
    "Average Loss": 1.3225042819976807,
    "Average Latency": 310.701416015625,
    "Average GPU Power Usage": 11.535939285714257,
    "Inference Energy Consumption": 0.9956201864282492
}