{
    "Average Accuracy": 0.7324555312117486,
    "Average Precision": 0.7332033514976501,
    "Average Recall": 0.7351242303848267,
    "Average F1 Score": 0.7332682609558105,
    "Average Loss": 0.7835131344729906,
    "Average Latency": 1.6855539720352382,
    "Average GPU Power Usage": 31.861609589041148,
    "Inference Energy Consumption": 0.014917906277290094
}