{
    "Average Accuracy": 0.7289925332100976,
    "Average Precision": 0.7198699116706848,
    "Average Recall": 0.7229925394058228,
    "Average F1 Score": 0.7205348014831543,
    "Average Loss": 0.808738057976527,
    "Average Latency": 28.941818452039303,
    "Average GPU Power Usage": 9.618698278521471,
    "Inference Energy Consumption": 0.07732850536719761
}