{
    "Average Accuracy": 0.5043986427457365,
    "Average Precision": 0.49100884795188904,
    "Average Recall": 0.5004280805587769,
    "Average F1 Score": 0.4917677342891693,
    "Average Loss": 1.4050484013884035,
    "Average Latency": 16.5421576108018,
    "Average GPU Power Usage": 22.067650893687834,
    "Inference Energy Consumption": 0.10140182199542651
}