{
    "Average Accuracy": 0.4122002057912873,
    "Average Precision": 0.4540540874004364,
    "Average Recall": 0.45701220631599426,
    "Average F1 Score": 0.44372957944869995,
    "Average Loss": 1.5006257817997195,
    "Average Latency": 28.562455634760664,
    "Average GPU Power Usage": 13.709079007618804,
    "Inference Energy Consumption": 0.108768044707928
}