{
    "Average Accuracy": 0.7296107225860191,
    "Average Precision": 0.7200649976730347,
    "Average Recall": 0.7235099077224731,
    "Average F1 Score": 0.720955491065979,
    "Average Loss": 0.8114497578696699,
    "Average Latency": 36.55970553214976,
    "Average GPU Power Usage": 13.222363492961671,
    "Inference Energy Consumption": 0.13427936548381275
}