{
    "Average Accuracy": 0.7282714306913465,
    "Average Precision": 0.7186242341995239,
    "Average Recall": 0.7218543291091919,
    "Average F1 Score": 0.7193270325660706,
    "Average Loss": 0.8096569251540481,
    "Average Latency": 32.22455972077831,
    "Average GPU Power Usage": 8.83844683328868,
    "Inference Energy Consumption": 0.07911529383839862
}