{
    "Average Accuracy": 0.739745603326489,
    "Average Precision": 0.7403820157051086,
    "Average Recall": 0.7424173355102539,
    "Average F1 Score": 0.7404398918151855,
    "Average Loss": 0.7394438193124884,
    "Average Latency": 3.6010310509625603,
    "Average GPU Power Usage": 13.729325571895437,
    "Inference Energy Consumption": 0.01373325769254716
}