{
    "Average Accuracy": 0.6309329148193803,
    "Average Precision": 0.730455219745636,
    "Average Recall": 0.7199495434761047,
    "Average F1 Score": 0.7217994332313538,
    "Average Loss": 0.8023823405757095,
    "Average Latency": 4.75198662690442,
    "Average GPU Power Usage": 13.134572260410721,
    "Inference Energy Consumption": 0.017337586592105974
}