{
    "Average Accuracy": 0.6814574599266052,
    "Average Precision": 0.7398995757102966,
    "Average Recall": 0.703125,
    "Average F1 Score": 0.7098382115364075,
    "Average Loss": 0.8950028419494629,
    "Average Latency": 48.93907165527344,
    "Average GPU Power Usage": 8.149173913043475,
    "Inference Energy Consumption": 0.1107813905726999
}