{
    "Average Accuracy": 0.7260770355628816,
    "Average Precision": 0.714856743812561,
    "Average Recall": 0.71875,
    "Average F1 Score": 0.715769350528717,
    "Average Loss": 0.8161868350395304,
    "Average Latency": 28.24394069444265,
    "Average GPU Power Usage": 10.272897814258005,
    "Inference Energy Consumption": 0.08059642128499239
}