{
    "Average Accuracy": 0.7268713069277883,
    "Average Precision": 0.7160592675209045,
    "Average Recall": 0.7198882102966309,
    "Average F1 Score": 0.7169565558433533,
    "Average Loss": 0.8164220221389998,
    "Average Latency": 27.218576014436632,
    "Average GPU Power Usage": 10.002683755036351,
    "Inference Energy Consumption": 0.07562744670411871
}