{
    "Average Accuracy": 0.4459144720073902,
    "Average Precision": 0.5069939494132996,
    "Average Recall": 0.497474730014801,
    "Average F1 Score": 0.48418208956718445,
    "Average Loss": 7.034529564476976,
    "Average Latency": 1.8841639400732637,
    "Average GPU Power Usage": 18.561006060606,
    "Inference Energy Consumption": 0.009714438419687535
}