{
    "Average Accuracy": 0.7286791177774896,
    "Average Precision": 0.7195242047309875,
    "Average Recall": 0.7226821184158325,
    "Average F1 Score": 0.7203020453453064,
    "Average Loss": 0.8070503763410429,
    "Average Latency": 27.48543308586474,
    "Average GPU Power Usage": 10.180271234563556,
    "Inference Energy Consumption": 0.07772476772598619
}