{
    "Average Accuracy": 0.49637593610473096,
    "Average Precision": 0.5139272212982178,
    "Average Recall": 0.5174063444137573,
    "Average F1 Score": 0.5116591453552246,
    "Average Loss": 1.6039338940906214,
    "Average Latency": 2.3346660098346126,
    "Average GPU Power Usage": 14.514368621064058,
    "Inference Energy Consumption": 0.009412834187168982
}