{
    "Average Accuracy": 0.4397590278525545,
    "Average Precision": 0.5045849084854126,
    "Average Recall": 0.49217167496681213,
    "Average F1 Score": 0.4799889624118805,
    "Average Loss": 1.406227261731119,
    "Average Latency": 2.4011358916157426,
    "Average GPU Power Usage": 10.905293963135602,
    "Inference Energy Consumption": 0.007273636873195939
}