{
    "Average Accuracy": 0.11197357328627447,
    "Average Precision": 0.02563769370317459,
    "Average Recall": 0.11717171967029572,
    "Average F1 Score": 0.03734254837036133,
    "Average Loss": 2.2991081957865243,
    "Average Latency": 0.7232515232731598,
    "Average GPU Power Usage": 9.488289898989937,
    "Inference Energy Consumption": 0.0019062278118616132
}