{
    "Average Accuracy": 0.496905251463772,
    "Average Precision": 0.5145207643508911,
    "Average Recall": 0.5179153084754944,
    "Average F1 Score": 0.5122159123420715,
    "Average Loss": 1.6036425762922057,
    "Average Latency": 1.7588371550998005,
    "Average GPU Power Usage": 22.829964169381107,
    "Inference Energy Consumption": 0.011153941452973513
}