{
    "Average Accuracy": 0.11197357328627447,
    "Average Precision": 0.02562720701098442,
    "Average Recall": 0.11717171967029572,
    "Average F1 Score": 0.03733670711517334,
    "Average Loss": 2.2991137738179677,
    "Average Latency": 0.7430764604698528,
    "Average GPU Power Usage": 8.799345454545424,
    "Inference Energy Consumption": 0.0018162740207819726
}