{
    "Average Accuracy": 0.5022669505599319,
    "Average Precision": 0.48806458711624146,
    "Average Recall": 0.49793046712875366,
    "Average F1 Score": 0.48839402198791504,
    "Average Loss": 1.4048883378110975,
    "Average Latency": 58.519714557571916,
    "Average GPU Power Usage": 15.519309103992084,
    "Inference Energy Consumption": 0.25227376080454
}