{
    "Average Accuracy": 0.6752335546594678,
    "Average Precision": 0.7320666909217834,
    "Average Recall": 0.7292929291725159,
    "Average F1 Score": 0.7282130718231201,
    "Average Loss": 0.7864391462971466,
    "Average Latency": 0.7990872548686133,
    "Average GPU Power Usage": 8.164726262626239,
    "Inference Energy Consumption": 0.0018123135266543539
}