{
    "Average Accuracy": 0.7289589592163136,
    "Average Precision": 0.7195862531661987,
    "Average Recall": 0.7226821780204773,
    "Average F1 Score": 0.7202089428901672,
    "Average Loss": 0.8099576017714494,
    "Average Latency": 23.08172095848235,
    "Average GPU Power Usage": 12.640347879837924,
    "Inference Energy Consumption": 0.08104471738348971
}