{
    "Average Accuracy": 0.5081799665823677,
    "Average Precision": 0.5065957903862,
    "Average Recall": 0.5105546116828918,
    "Average F1 Score": 0.5043010115623474,
    "Average Loss": 1.387320735596663,
    "Average Latency": 5.385469676643018,
    "Average GPU Power Usage": 9.706009052455395,
    "Inference Energy Consumption": 0.014519838175894766
}