{
    "Average Accuracy": 0.11197357328627447,
    "Average Precision": 0.02562720701098442,
    "Average Recall": 0.11717171967029572,
    "Average F1 Score": 0.03733670711517334,
    "Average Loss": 2.299100241998229,
    "Average Latency": 0.8246245518477276,
    "Average GPU Power Usage": 7.679230303030295,
    "Inference Energy Consumption": 0.001759022735325513
}