{
    "Average Accuracy": 0.7289898056068168,
    "Average Precision": 0.7192843556404114,
    "Average Recall": 0.7225786447525024,
    "Average F1 Score": 0.7201627492904663,
    "Average Loss": 0.8116264416287277,
    "Average Latency": 42.22872219969895,
    "Average GPU Power Usage": 14.050601550780119,
    "Inference Energy Consumption": 0.1648163748962647
}