{
    "Average Accuracy": 0.6394785080594246,
    "Average Precision": 0.6963728666305542,
    "Average Recall": 0.6983585953712463,
    "Average F1 Score": 0.6963910460472107,
    "Average Loss": 0.8892805939370936,
    "Average Latency": 12.853193585559575,
    "Average GPU Power Usage": 13.831330843720313,
    "Inference Energy Consumption": 0.04938243691118284
}