{
    "Average Accuracy": 0.728482967970387,
    "Average Precision": 0.7189775705337524,
    "Average Recall": 0.7222682237625122,
    "Average F1 Score": 0.7196996808052063,
    "Average Loss": 0.8097761713511107,
    "Average Latency": 25.822944262169845,
    "Average GPU Power Usage": 10.206218212473239,
    "Inference Energy Consumption": 0.07320961223006645
}