{
    "Average Accuracy": 0.6702623351053758,
    "Average Precision": 0.7280988097190857,
    "Average Recall": 0.7263888120651245,
    "Average F1 Score": 0.7249283194541931,
    "Average Loss": 0.7941994512321973,
    "Average Latency": 0.6548937055197629,
    "Average GPU Power Usage": 9.074672727272663,
    "Inference Energy Consumption": 0.0016508183468729799
}