{
    "Average Accuracy": 0.5118312072264005,
    "Average Precision": 0.5062578916549683,
    "Average Recall": 0.5136986374855042,
    "Average F1 Score": 0.5051624774932861,
    "Average Loss": 1.3877208918741304,
    "Average Latency": 7.769584254042743,
    "Average GPU Power Usage": 11.298848733100547,
    "Inference Energy Consumption": 0.024385377001530224
}