{
    "Average Accuracy": 0.7400854571777231,
    "Average Precision": 0.7404844760894775,
    "Average Recall": 0.7426470518112183,
    "Average F1 Score": 0.7405992746353149,
    "Average Loss": 0.7394759775522877,
    "Average Latency": 3.3051456388305214,
    "Average GPU Power Usage": 18.74304779411764,
    "Inference Energy Consumption": 0.017207917409755538
}