{
    "Average Accuracy": 0.11197357328627447,
    "Average Precision": 0.02562720701098442,
    "Average Recall": 0.11717171967029572,
    "Average F1 Score": 0.03733670711517334,
    "Average Loss": 2.2990948999770966,
    "Average Latency": 0.5696481616208048,
    "Average GPU Power Usage": 9.049618181818161,
    "Inference Energy Consumption": 0.001431971766845257
}