{
    "Average Accuracy": 0.5178807986109224,
    "Average Precision": 0.5112470984458923,
    "Average Recall": 0.5191566944122314,
    "Average F1 Score": 0.5108187794685364,
    "Average Loss": 1.3853334923313088,
    "Average Latency": 4.672156056312666,
    "Average GPU Power Usage": 15.035233757338553,
    "Inference Energy Consumption": 0.019513044015951653
}