{
    "Average Accuracy": 0.4465878727008598,
    "Average Precision": 0.507286012172699,
    "Average Recall": 0.4979798197746277,
    "Average F1 Score": 0.48465999960899353,
    "Average Loss": 7.0348890746482695,
    "Average Latency": 2.697802534007063,
    "Average GPU Power Usage": 13.443735161135157,
    "Inference Energy Consumption": 0.010074595217841743
}