{
    "Average Accuracy": 0.7280123261426459,
    "Average Precision": 0.719087541103363,
    "Average Recall": 0.7221648097038269,
    "Average F1 Score": 0.7197415232658386,
    "Average Loss": 0.8089023412063422,
    "Average Latency": 28.030652545145806,
    "Average GPU Power Usage": 10.40349875067479,
    "Inference Energy Consumption": 0.0810046829816732
}